Workbook

Sheet Main Line Benefits LLC_med_comm
A1: Payment Date | B1: Medicare Number | C1: Member ID | D1: Legacy Member ID | E1: Member Name | F1: Member State | G1: Sales Event | H1: Product | I1: Market | J1: Plan ID | K1: Additional Payment Detail | L1: Coverage Period | M1: Effective Date | N1: Term Date | O1: Writing Agent NPN | P1: Writing Agent Level | Q1: Writing Agent Name | R1: Payee ID | S1: Payee Level | T1: Payee Name | U1: Payee Amount | V1: CMS New | W1: Member Sig Dt | X1: 1099 Year
A2: 45720 | B2: 4YE4KF2PC63 | C2: 101291821000 | E2: ATTENTO,JOSEPHINE | F2: IL | G2: New Business | H2: MAPD | I2: IMM606 | J2: H7301-013 | L2: 45717 | M2: 45717 | O2: 8325282 | P2: LOA | Q2: Walenga, Dale | R2: 8192 | S2: GMO | T2: Main Line Benefits LLC | U2: 365 | V2: N | W2: 45701 | X2: 2025
A3: 45720 | B3: 1GP3X21CC71 | C3: 101218748200 | E3: BENSON-KOPFER,ALISON | F3: IL | G3: New Business | H3: MAPD | I3: IMM606 | J3: H7301-013 | L3: 45717 | M3: 45717 | O3: 7146581 | P3: LOA | Q3: Hunsberger, Anthony | R3: 8192 | S3: GMO | T3: Main Line Benefits LLC | U3: 365 | V3: N | W3: 45706 | X3: 2025
A4: 45720 | B4: 6N20HH2JF25 | C4: 101211577200 | E4: BULLOCK K,ALLAN | F4: PA | G4: New Business | H4: MAPD | I4: IMM608 | J4: H5522-001 | L4: 45717 | M4: 45717 | O4: 17528908 | P4: LOA | Q4: Inskipt, Deborah | R4: 8192 | S4: GMO | T4: Main Line Benefits LLC | U4: 398.33 | V4: N | W4: 45706 | X4: 2025
A5: 45720 | B5: 7M39YA2GN32 | C5: 102150541300 | E5: BURKS R,TONY | F5: TX | G5: New Business | H5: MAPD | I5: IMM618 | J5: H3288-008 | L5: 45778 | M5: 45778 | O5: 8307933 | P5: LOA | Q5: Teipel, Gregory | R5: 8192 | S5: GMO | T5: Main Line Benefits LLC | U5: 292 | V5: N | W5: 45701 | X5: 2025
A6: 45720 | B6: 9J41MH4ER16 | C6: 101666004700 | E6: BURLEIGH L,DONNA | F6: LA | G6: New Business | H6: MAPD | I6: IMM605 | J6: H5521-551 | L6: 45717 | M6: 45717 | O6: 19200754 | P6: LOA | Q6: SANTOS, RICARDO | R6: 8192 | S6: GMO | T6: Main Line Benefits LLC | U6: 365 | V6: N | W6: 45702 | X6: 2025
A7: 45720 | B7: 9DA9Q80RC49 | C7: 102029640300 | E7: HICKS A,BETH | F7: WI | G7: New Business | H7: MAPD | I7: IMM606 | J7: H5521-150 | L7: 45717 | M7: 45717 | O7: 9213293 | P7: LOA | Q7: Portugal, Gary | R7: 8192 | S7: GMO | T7: Main Line Benefits LLC | U7: 365 | V7: N | W7: 45706 | X7: 2025
A8: 45720 | B8: 3C31FF3RU07 | C8: 101527036200 | E8: KRAMER,MARYBLYE | F8: IL | G8: New Business | H8: MAPD | I8: IMM619 | J8: H7301-027 | L8: 45717 | M8: 45717 | O8: 7470776 | P8: LOA | Q8: Choi, Andrew | R8: 8192 | S8: GMO | T8: Main Line Benefits LLC | U8: 365 | V8: N | W8: 45705 | X8: 2025
A9: 45720 | B9: 1ME4X52JE84 | C9: 101528681000 | E9: MEHLMAN J,DONALD | F9: PA | G9: New Business | H9: MAPD | I9: IMM608 | J9: H3959-035 | L9: 45717 | M9: 45717 | O9: 18657307 | P9: AG4 | Q9: GBASSANA, FREDERICK | R9: 8192 | S9: GMO | T9: Main Line Benefits LLC | U9: 104.16 | V9: N | W9: 45706 | X9: 2025
A10: 45720 | B10: 6ND5AX3YV77 | C10: 102151195700 | E10: MONTGOMERY S,PAMELA | F10: KS | G10: New Business | H10: MAPD | I10: IMM607 | J10: H1608-024 | L10: 45717 | M10: 45717 | O10: 8307933 | P10: LOA | Q10: Teipel, Gregory | R10: 8192 | S10: GMO | T10: Main Line Benefits LLC | U10: 365 | V10: N | W10: 45703 | X10: 2025
A11: 45720 | B11: 1V02YH3AY08 | C11: 102150493500 | E11: PAYNTER V,TODD | F11: FL | G11: New Business | H11: MAPD | I11: IMM604 | J11: H5521-438 | L11: 45717 | M11: 45717 | O11: 15278437 | P11: LOA | Q11: Hoffmann Jason | R11: 8192 | S11: GMO | T11: Main Line Benefits LLC | U11: 365 | V11: N | W11: 45701 | X11: 2025
A12: 45720 | B12: 8YT3F98CA92 | C12: 102133066800 | E12: REIGEL E,ANN | F12: TX | G12: Voluntarily Rapid Disenroll | H12: MAPD | I12: IMM618 | J12: H3288-008 | L12: 45658 | M12: 45658 | N12: 45716 | O12: 16633294 | P12: LOA | Q12: Yale, Richard | R12: 8192 | S12: GMO | T12: Main Line Benefits LLC | U12: -438 | V12: N | W12: 45632 | X12: 2025
A13: 45720 | B13: 3RT5WP7QC64 | C13: 101930278400 | E13: SHAUGHNESSY A,MARK | F13: SC | G13: New Business | H13: MAPD | I13: IMM609 | J13: H5521-500 | L13: 45717 | M13: 45717 | O13: 16633294 | P13: LOA | Q13: Yale, Richard | R13: 8192 | S13: GMO | T13: Main Line Benefits LLC | U13: 365 | V13: N | W13: 45705 | X13: 2025
A14: 45720 | B14: 9PR1VJ5WU97 | C14: 102150535500 | E14: SLANEY G,ROBERT | F14: PA | G14: New Business | H14: MAPD | I14: IMM608 | J14: H3959-002 | L14: 45778 | M14: 45778 | O14: 17528908 | P14: LOA | Q14: Inskipt, Deborah | R14: 8192 | S14: GMO | T14: Main Line Benefits LLC | U14: 318.67 | V14: N | W14: 45701 | X14: 2025
A15: 45720 | B15: 7TU9VT2XF20 | C15: 102150537700 | E15: WALLACE D,PATRICIA | F15: TX | G15: New Business | H15: MAPD | I15: IMM618 | J15: H3288-008 | L15: 45717 | M15: 45717 | O15: 8307933 | P15: LOA | Q15: Teipel, Gregory | R15: 8192 | S15: GMO | T15: Main Line Benefits LLC | U15: 365 | V15: N | W15: 45701 | X15: 2025
A16: 45720 | B16: 6MA6QU1UE62 | C16: 102150573800 | E16: WASHINGTON L,ALLONTE | F16: IL | G16: New Business | H16: MAPD | I16: IMM606 | J16: H5521-086 | L16: 45717 | M16: 45717 | O16: 17094718 | P16: LOA | Q16: HANSFORD, GREGORY | R16: 8192 | S16: GMO | T16: Main Line Benefits LLC | U16: 365 | V16: N | W16: 45701 | X16: 2025
A19: Total Payee Amount: $4325.16

Sheet Sheet1
A1: Payment Date | B1: Medicare Number | D1: Member Name | E1: Member State | F1: Product | G1: Coverage Period | H1: Effective Date | I1: Term Date | J1: Writing Agent NPN | K1: Writing Agent Name | L1: Payee ID | M1: Payee Level | N1: Payee Name | O1: Payee Amount
A2: 45720 | B2: 3C31FF3RU07 | C2: =CONCATENATE(B2,8) -> 3C31FF3RU078 | D2: =CONCATENATE(Sheet2!B7, " ", Sheet2!A7) -> MARYBLYE KRAMER | E2: IL | F2: MAPD | G2: 45717 | H2: 45717 | J2: 7470776 | K2: Choi, Andrew | L2: 8192 | M2: GMO | N2: Main Line Benefits LLC | O2: 365 | P2: 313 | Q2: Aetna MAPD 2025* | R2: [%/$=313][prorate=12/12]
A3: 45720 | B3: 6MA6QU1UE62 | C3: =CONCATENATE(B3,8) -> 6MA6QU1UE628 | D3: =CONCATENATE(Sheet2!B9, " ", Sheet2!A9) -> ALLONTE WASHINGTON | E3: IL | F3: MAPD | G3: 45717 | H3: 45717 | J3: 17094718 | K3: HANSFORD, GREGORY | L3: 8192 | M3: GMO | N3: Main Line Benefits LLC | O3: 365 | P3: 313 | Q3: Aetna MAPD 2025* | R3: [%/$=313][prorate=12/12]
A4: 45720 | B4: 1V02YH3AY08 | C4: =CONCATENATE(B4,8) -> 1V02YH3AY088 | D4: =CONCATENATE(Sheet2!B4, " ", Sheet2!A4) -> TODD PAYNTER | E4: FL | F4: MAPD | G4: 45717 | H4: 45717 | J4: 15278437 | K4: Hoffmann Jason | L4: 8192 | M4: GMO | N4: Main Line Benefits LLC | O4: 365 | P4: 313 | Q4: Aetna MAPD 2025 FL* | R4: [%/$=313][prorate=12/12]
A5: 45720 | B5: 1GP3X21CC71 | C5: =CONCATENATE(B5,8) -> 1GP3X21CC718 | D5: =CONCATENATE(Sheet2!B5, " ", Sheet2!A5) -> ALISON BENSON-KOPFER | E5: IL | F5: MAPD | G5: 45717 | H5: 45717 | J5: 7146581 | K5: Hunsberger, Anthony | L5: 8192 | M5: GMO | N5: Main Line Benefits LLC | O5: 365 | P5: 313 | Q5: Aetna MAPD 2025* | R5: [%/$=313][prorate=12/12]
A6: 45720 | B6: 6N20HH2JF25 | C6: =CONCATENATE(B6,8) -> 6N20HH2JF258 | D6: =CONCATENATE(Sheet2!B1, " ", Sheet2!A1) -> ALLAN BULLOCK | E6: PA | F6: MAPD | G6: 45717 | H6: 45717 | J6: 17528908N | K6: Inskipt, Deborah | L6: 8192 | M6: GMO | N6: Main Line Benefits LLC | O6: 398.33 | P6: 353 | Q6: Aetna 2025 CT, PA, DC* | R6: [%/$=353][prorate=12/12]
A7: 45720 | B7: 9PR1VJ5WU97 | C7: =CONCATENATE(B7,8) -> 9PR1VJ5WU978 | D7: =CONCATENATE(Sheet2!B2, " ", Sheet2!A2) -> ROBERT SLANEY | E7: PA | F7: MAPD | G7: 45778 | H7: 45778 | J7: 17528908N | K7: Inskipt, Deborah | L7: 8192 | M7: GMO | N7: Main Line Benefits LLC | O7: 318.67 | P7: 235.34 | Q7: Aetna 2025 CT, PA, DC* | R7: [%/$=353][prorate=8/12]
A8: 45720 | B8: 9DA9Q80RC49 | C8: =CONCATENATE(B8,8) -> 9DA9Q80RC498 | D8: =CONCATENATE(Sheet2!B12, " ", Sheet2!A12) -> BETH HICKS | E8: WI | F8: MAPD | G8: 45717 | H8: 45717 | J8: 9213293 | K8: Portugal, Gary | L8: 8192 | M8: GMO | N8: Main Line Benefits LLC | O8: 365 | P8: 313 | Q8: Aetna MAPD 2025* | R8: [%/$=313][prorate=12/12]
A9: 45720 | B9: 9J41MH4ER16 | C9: =CONCATENATE(B9,8) -> 9J41MH4ER168 | D9: =CONCATENATE(Sheet2!B6, " ", Sheet2!A6) -> DONNA BURLEIGH | E9: LA | F9: MAPD | G9: 45717 | H9: 45717 | J9: 19200754 | K9: SANTOS, RICARDO | L9: 8192 | M9: GMO | N9: Main Line Benefits LLC | O9: 365 | P9: 313 | Q9: Aetna MAPD 2025* | R9: [%/$=313][prorate=12/12]
A10: 45720 | B10: 6ND5AX3YV77 | C10: =CONCATENATE(B10,8) -> 6ND5AX3YV778 | D10: =CONCATENATE(Sheet2!B8, " ", Sheet2!A8) -> PAMELA MONTGOMERY | E10: KS | F10: MAPD | G10: 45717 | H10: 45717 | J10: 8307933 | K10: Teipel, Gregory | L10: 8192 | M10: GMO | N10: Main Line Benefits LLC | O10: 365 | P10: 313 | Q10: Aetna MAPD 2025* | R10: [%/$=313][prorate=12/12]
A11: 45720 | B11: 7TU9VT2XF20 | C11: =CONCATENATE(B11,8) -> 7TU9VT2XF208 | D11: =CONCATENATE(Sheet2!B13, " ", Sheet2!A13) -> PATRICIA WALLACE | E11: TX | F11: MAPD | G11: 45717 | H11: 45717 | J11: 8307933 | K11: Teipel, Gregory | L11: 8192 | M11: GMO | N11: Main Line Benefits LLC | O11: 365 | P11: 313 | Q11: Aetna MAPD 2025* | R11: [%/$=313][prorate=12/12]
A12: 45720 | B12: 7M39YA2GN32 | C12: =CONCATENATE(B12,8) -> 7M39YA2GN328 | D12: =CONCATENATE(Sheet2!B14, " ", Sheet2!A14) -> TONY BURKS | E12: TX | F12: MAPD | G12: 45778 | H12: 45778 | J12: 8307933 | K12: Teipel, Gregory | L12: 8192 | M12: GMO | N12: Main Line Benefits LLC | O12: 292 | P12: =292-83.33 -> 208.67 | Q12: Aetna MAPD 2025* | R12: [%/$=313][prorate=8/12]
A13: 45720 | B13: 4YE4KF2PC63 | C13: =CONCATENATE(B13,8) -> 4YE4KF2PC638 | D13: =CONCATENATE(Sheet2!B3, " ", Sheet2!A3) -> JOSEPHINE ATTENTO | E13: IL | F13: MAPD | G13: 45717 | H13: 45717 | J13: 8325282 | K13: Walenga, Dale | L13: 8192 | M13: GMO | N13: Main Line Benefits LLC | O13: 365 | P13: 313 | Q13: Aetna MAPD 2025 FL* | R13: [%/$=313][prorate=12/12]
A14: 45720 | B14: 3RT5WP7QC64 | C14: =CONCATENATE(B14,8) -> 3RT5WP7QC648 | D14: =CONCATENATE(Sheet2!B10, " ", Sheet2!A10) -> MARK SHAUGHNESSY | E14: SC | F14: MAPD | G14: 45717 | H14: 45717 | J14: 16633294 | K14: Yale, Richard | L14: 8192 | M14: GMO | N14: Main Line Benefits LLC | O14: 365 | P14: 313 | Q14: Aetna MAPD 2025* | R14: [%/$=313][prorate=12/12]
A15: 45720 | B15: 8YT3F98CA92 | C15: =CONCATENATE(B15,8) -> 8YT3F98CA928 | D15: =CONCATENATE(Sheet2!B11, " ", Sheet2!A11) -> ANN REIGEL | E15: TX | F15: MAPD | G15: 45658 | H15: 45658 | I15: 45716 | J15: 16633294 | K15: Yale, Richard | L15: 8192 | M15: GMO | N15: Main Line Benefits LLC | O15: -438 | P15: -313 | Q15: Aetna MAPD 2025* | R15: [%/$=313][prorate=12/12]
A16: 45720 | B16: 4YE4KF2PC63 | C16: =CONCATENATE(B16,88) -> 4YE4KF2PC6388 | D16: =CONCATENATE(Sheet2!B15, " ", Sheet2!A15) -> JOSEPHINE ATTENTO | E16: IL | F16: MAPD | G16: 45717 | H16: 45717 | J16: 20411454 | K16: Main Line Benefits | L16: 8192 | M16: GMO | N16: Main Line Benefits LLC | O16: 365 | P16: 52 | Q16: Aetna MAPD OVR 2025
A17: 45720 | B17: 1GP3X21CC71 | C17: =CONCATENATE(B17,88) -> 1GP3X21CC7188 | D17: =CONCATENATE(Sheet2!B16, " ", Sheet2!A16) -> ALISON BENSON-KOPFER | E17: IL | F17: MAPD | G17: 45717 | H17: 45717 | J17: 20411454 | K17: Main Line Benefits | L17: 8192 | M17: GMO | N17: Main Line Benefits LLC | O17: 365 | P17: 52 | Q17: Aetna MAPD OVR 2025
A18: 45720 | B18: 9J41MH4ER16 | C18: =CONCATENATE(B18,88) -> 9J41MH4ER1688 | D18: =CONCATENATE(Sheet2!B17, " ", Sheet2!A17) -> DONNA BURLEIGH | E18: LA | F18: MAPD | G18: 45717 | H18: 45717 | J18: 20411454 | K18: Main Line Benefits | L18: 8192 | M18: GMO | N18: Main Line Benefits LLC | O18: 365 | P18: 52 | Q18: Aetna MAPD OVR 2025
A19: 45720 | B19: 3C31FF3RU07 | C19: =CONCATENATE(B19,88) -> 3C31FF3RU0788 | D19: =CONCATENATE(Sheet2!B18, " ", Sheet2!A18) -> MARYBLYE KRAMER | E19: IL | F19: MAPD | G19: 45717 | H19: 45717 | J19: 20411454 | K19: Main Line Benefits | L19: 8192 | M19: GMO | N19: Main Line Benefits LLC | O19: 365 | P19: 52 | Q19: Aetna MAPD OVR 2025
A20: 45720 | B20: 6ND5AX3YV77 | C20: =CONCATENATE(B20,88) -> 6ND5AX3YV7788 | D20: =CONCATENATE(Sheet2!B19, " ", Sheet2!A19) -> PAMELA MONTGOMERY | E20: KS | F20: MAPD | G20: 45717 | H20: 45717 | J20: 20411454 | K20: Main Line Benefits | L20: 8192 | M20: GMO | N20: Main Line Benefits LLC | O20: 365 | P20: 52 | Q20: Aetna MAPD OVR 2025
A21: 45720 | B21: 1V02YH3AY08 | C21: =CONCATENATE(B21,88) -> 1V02YH3AY0888 | D21: =CONCATENATE(Sheet2!B20, " ", Sheet2!A20) -> TODD PAYNTER | E21: FL | F21: MAPD | G21: 45717 | H21: 45717 | J21: 20411454 | K21: Main Line Benefits | L21: 8192 | M21: GMO | N21: Main Line Benefits LLC | O21: 365 | P21: 52 | Q21: Aetna MAPD OVR 2025
A22: 45720 | B22: 6MA6QU1UE62 | C22: =CONCATENATE(B22,88) -> 6MA6QU1UE6288 | D22: =CONCATENATE(Sheet2!B21, " ", Sheet2!A21) -> ALLONTE WASHINGTON | E22: IL | F22: MAPD | G22: 45717 | H22: 45717 | J22: 20411454 | K22: Main Line Benefits | L22: 8192 | M22: GMO | N22: Main Line Benefits LLC | O22: 365 | P22: 52 | Q22: Aetna MAPD OVR 2025
A23: 45720 | B23: 3RT5WP7QC64 | C23: =CONCATENATE(B23,88) -> 3RT5WP7QC6488 | D23: =CONCATENATE(Sheet2!B22, " ", Sheet2!A22) -> MARK SHAUGHNESSY | E23: SC | F23: MAPD | G23: 45717 | H23: 45717 | J23: 20411454 | K23: Main Line Benefits | L23: 8192 | M23: GMO | N23: Main Line Benefits LLC | O23: 365 | P23: 52 | Q23: Aetna MAPD OVR 2025
A24: 45720 | B24: 8YT3F98CA92 | C24: =CONCATENATE(B24,88) -> 8YT3F98CA9288 | D24: =CONCATENATE(Sheet2!B23, " ", Sheet2!A23) -> ANN REIGEL | E24: TX | F24: MAPD | G24: 45658 | H24: 45658 | I24: 45716 | J24: 20411454 | K24: Main Line Benefits | L24: 8192 | M24: GMO | N24: Main Line Benefits LLC | O24: -438 | P24: -125 | Q24: Aetna MAPD OVR 2025
A25: 45720 | B25: 9DA9Q80RC49 | C25: =CONCATENATE(B25,88) -> 9DA9Q80RC4988 | D25: =CONCATENATE(Sheet2!B24, " ", Sheet2!A24) -> BETH HICKS | E25: WI | F25: MAPD | G25: 45717 | H25: 45717 | J25: 20411454 | K25: Main Line Benefits | L25: 8192 | M25: GMO | N25: Main Line Benefits LLC | O25: 365 | P25: 52 | Q25: Aetna MAPD OVR 2025
A26: 45720 | B26: 7TU9VT2XF20 | C26: =CONCATENATE(B26,88) -> 7TU9VT2XF2088 | D26: =CONCATENATE(Sheet2!B25, " ", Sheet2!A25) -> PATRICIA WALLACE | E26: TX | F26: MAPD | G26: 45717 | H26: 45717 | J26: 20411454 | K26: Main Line Benefits | L26: 8192 | M26: GMO | N26: Main Line Benefits LLC | O26: 365 | P26: 52 | Q26: Aetna MAPD OVR 2025
A27: 45720 | B27: 6N20HH2JF25 | C27: =CONCATENATE(B27,88) -> 6N20HH2JF2588 | D27: =CONCATENATE(Sheet2!B26, " ", Sheet2!A26) -> ALLAN BULLOCK | E27: PA | F27: MAPD | G27: 45717 | H27: 45717 | J27: 20411454 | K27: Main Line Benefits | L27: 8192 | M27: GMO | N27: Main Line Benefits LLC | O27: 398.33 | P27: 45.33 | Q27: Aetna MAPD OVR 2025
A28: 45720 | B28: 1ME4X52JE84 | C28: =CONCATENATE(B28,88) -> 1ME4X52JE8488 | D28: =CONCATENATE(Sheet2!B27, " ", Sheet2!A27) -> DONALD MEHLMAN | E28: PA | F28: MAPD | G28: 45717 | H28: 45717 | J28: 20411454 | K28: Main Line Benefits | L28: 8192 | M28: GMO | N28: Main Line Benefits LLC | O28: 104.16 | P28: 104.16 | Q28: Aetna MAPD OVR 2025
A29: 45720 | B29: 9PR1VJ5WU97 | C29: =CONCATENATE(B29,88) -> 9PR1VJ5WU9788 | D29: =CONCATENATE(Sheet2!B28, " ", Sheet2!A28) -> ROBERT SLANEY | E29: PA | F29: MAPD | G29: 45778 | H29: 45778 | J29: 20411454 | K29: Main Line Benefits | L29: 8192 | M29: GMO | N29: Main Line Benefits LLC | O29: 318.67 | P29: 83.33 | Q29: Aetna MAPD OVR 2025
A30: 45720 | B30: 7M39YA2GN32 | C30: =CONCATENATE(B30,88) -> 7M39YA2GN3288 | D30: =CONCATENATE(Sheet2!B29, " ", Sheet2!A29) -> TONY BURKS | E30: TX | F30: MAPD | G30: 45778 | H30: 45778 | J30: 20411454 | K30: Main Line Benefits | L30: 8192 | M30: GMO | N30: Main Line Benefits LLC | O30: 292 | P30: 83.33 | Q30: Aetna MAPD OVR 2025

Sheet Sheet2
A1: BULLOCK | B1: ALLAN
A2: SLANEY | B2: ROBERT
A3: ATTENTO | B3: JOSEPHINE
A4: PAYNTER | B4: TODD
A5: BENSON-KOPFER | B5: ALISON
A6: BURLEIGH | B6: DONNA
A7: KRAMER | B7: MARYBLYE
A8: MONTGOMERY | B8: PAMELA
A9: WASHINGTON | B9: ALLONTE
A10: SHAUGHNESSY | B10: MARK
A11: REIGEL | B11: ANN
A12: HICKS | B12: BETH
... A29: BURKS | B29: TONY
